h,features,met_mode,model,RMSE,MAE,R2,Skill,RMSE_haze,Bias_haze,POD,FAR,CSI,n_events,RMSE_lo,RMSE_hi
1,H,op,LR,8.7109,5.6885,0.6041,0.0683,39.0251,-30.6947,0.3333,0.5,0.25,48,7.1883,10.5321
1,H,op,RF,8.9414,5.8794,0.5829,0.0437,37.6813,-32.2218,0.4167,0.5652,0.2703,48,7.3547,10.7316
1,H,op,XGB,9.0975,5.8891,0.5682,0.027,45.0986,-41.4455,0.2083,0.5238,0.1695,48,7.2567,11.2742
1,M,op,LR,14.8035,10.0655,-0.1434,-0.5833,70.6483,-67.2102,0.0,,0.0,48,12.1028,18.0749
1,M,op,RF,14.6837,10.0486,-0.125,-0.5705,66.9063,-63.3025,0.0,1.0,0.0,48,12.2241,17.5629
1,M,op,XGB,14.203,9.322,-0.0525,-0.519,71.4095,-68.3417,0.0,,0.0,48,11.2883,17.732
1,HM,op,LR,8.5259,5.5605,0.6207,0.0881,39.0146,-31.3832,0.3333,0.4839,0.254,48,7.0881,10.2979
1,HM,op,RF,8.7196,5.6696,0.6033,0.0674,35.3733,-29.0006,0.5625,0.5846,0.314,48,7.2958,10.3182
1,HM,op,XGB,8.4765,5.5736,0.6251,0.0934,40.324,-36.5622,0.3333,0.4286,0.2667,48,7.0399,10.2067
1,-,-,Persistence,9.3499,6.0144,0.5439,0.0,35.8338,-21.5208,0.4167,0.5833,0.2632,48,,
3,H,op,LR,11.5305,7.835,0.3036,0.1392,53.1597,-50.175,0.0208,0.9474,0.0152,48,9.5103,13.7989
3,H,op,RF,12.1138,8.146,0.2313,0.0957,50.2826,-47.1981,0.1458,0.8727,0.0729,48,10.1001,14.3491
3,H,op,XGB,11.8149,7.8424,0.2688,0.118,58.4483,-55.9111,0.0,1.0,0.0,48,9.5441,14.4649
3,M,op,LR,15.1086,10.2273,-0.1957,-0.1279,71.9314,-68.5693,0.0,,0.0,48,12.3483,18.3549
3,M,op,RF,15.2137,10.4518,-0.2124,-0.1357,69.9838,-66.5564,0.0,1.0,0.0,48,12.6271,18.327
3,M,op,XGB,14.3338,9.4011,-0.0762,-0.07,72.383,-69.3568,0.0,,0.0,48,11.3852,17.8956
3,HM,op,LR,11.535,7.8848,0.303,0.1389,53.8763,-50.9579,0.0,1.0,0.0,48,9.5961,13.765
3,HM,op,RF,12.15,8.2162,0.2267,0.093,50.4979,-47.3285,0.1042,0.9074,0.0515,48,10.2374,14.3812
3,HM,op,XGB,11.9883,7.8981,0.2472,0.1051,59.7085,-56.8658,0.0,1.0,0.0,48,9.6249,14.7492
3,-,-,Persistence,13.3958,9.0999,0.06,0.0,43.9265,-39.75,0.1458,0.8542,0.0787,48,,
