h,config,a,b,stat,p,p_holm
1,HM-op,LR,Persistence,-3.637050832225265,0.0002970872473932,0.0041592214635048
1,HM-op,LR,XGB,-1.2516610698015516,0.2111328224143503,1.0
1,HM-op,RF,Persistence,-2.5112742166455777,0.0122652328249603,0.14101377963408718
1,HM-op,RF,XGB,0.7786122828249705,0.4364846825361807,1.0
1,HM-op,XGB,Persistence,-2.3889365287180926,0.0171746033685098,0.171746033685098
1,HM-op,LSTM,Persistence,-2.1004744312392325,0.0360625406557021,0.3245628659013189
1,HM-op,LSTM,XGB,0.4524396553821826,0.6510996170439226,1.0
3,HM-op,LR,Persistence,-2.785238897436738,0.0055013501028493,0.0715175513370409
3,HM-op,LR,XGB,-0.9032012678178164,0.3667466244308573,1.0
3,HM-op,RF,Persistence,-2.526519163335676,0.0117511483028406,0.14101377963408718
3,HM-op,RF,XGB,-0.0180642477181154,0.9855930259948158,1.0
3,HM-op,XGB,Persistence,-1.905873073253896,0.0570982232467706,0.4567857859741648
3,HM-op,LSTM,Persistence,-1.5475643092031268,0.1222036882718322,0.8554258179028253
3,HM-op,LSTM,XGB,1.3642503580897265,0.1729509915429335,1.0
