h,features,met_mode,model,RMSE,MAE,R2,Skill,RMSE_haze,Bias_haze,POD,FAR,CSI,n_events,RMSE_lo,RMSE_hi,RMSE_seed_sd
1,H,op,LR,8.7164,5.6937,0.6036,0.0678,39.1236,-30.8304,0.3125,0.5161,0.2344,48,7.1843,10.5387,
1,H,op,RF,8.9881,5.8997,0.5785,0.0387,36.9497,-31.376,0.4583,0.6,0.2716,48,7.3922,10.7934,
1,H,op,XGB,9.0041,5.8308,0.577,0.037,44.5222,-41.0928,0.1875,0.625,0.1429,48,7.1981,11.1265,
1,H,op,LSTM,8.8596,5.8007,0.5905,0.0524,36.1481,-25.3771,0.4375,0.5882,0.2692,48,7.2685,10.7442,0.1105
1,M,op,LR,14.6375,9.8936,-0.1179,-0.5655,70.542,-67.0827,0.0,,0.0,48,11.9221,17.9161,
1,M,op,RF,14.7031,9.9816,-0.1279,-0.5725,67.2701,-63.2587,0.0,1.0,0.0,48,12.2442,17.6955,
1,M,op,XGB,14.2863,9.394,-0.0649,-0.528,71.4906,-68.3385,0.0,,0.0,48,11.4233,17.7478,
1,M,op,LSTM,15.5517,10.718,-0.2619,-0.6633,72.4556,-68.993,0.0,,0.0,48,12.7365,18.971,0.2502
1,M,oracle,LR,14.6516,9.9007,-0.1201,-0.567,70.4778,-67.0438,0.0,,0.0,48,11.9314,17.932,
1,M,oracle,RF,14.7129,9.9656,-0.1294,-0.5736,68.2567,-64.5503,0.0,1.0,0.0,48,12.2188,17.7161,
1,M,oracle,XGB,14.3519,9.4386,-0.0747,-0.535,71.5994,-68.525,0.0,,0.0,48,11.5678,17.7827,
1,M,oracle,LSTM,15.0565,10.4169,-0.1828,-0.6103,69.0455,-65.3366,0.0208,0.5,0.0204,48,12.5596,18.0361,0.2191
1,HM,op,LR,8.4358,5.4793,0.6287,0.0978,39.1174,-31.7251,0.3333,0.5,0.25,48,6.9571,10.2347,
1,HM,op,RF,8.7383,5.6926,0.6016,0.0654,36.2961,-30.342,0.4792,0.6167,0.2706,48,7.3518,10.329,
1,HM,op,XGB,8.6032,5.5727,0.6138,0.0799,41.7994,-38.2619,0.2083,0.6,0.1587,48,7.0839,10.4546,
1,HM,op,LSTM,8.7054,5.8777,0.6046,0.0689,37.0827,-28.9138,0.4167,0.5556,0.274,48,7.4198,10.3406,0.0616
1,HM,oracle,LR,8.4384,5.4943,0.6285,0.0975,39.0734,-31.7651,0.3333,0.5,0.25,48,6.9673,10.2255,
1,HM,oracle,RF,8.7244,5.6961,0.6029,0.0669,36.2447,-30.1413,0.5,0.6066,0.2824,48,7.3322,10.3526,
1,HM,oracle,XGB,8.6583,5.6041,0.6089,0.074,42.3198,-38.3494,0.2083,0.6154,0.1562,48,7.0876,10.5548,
1,HM,oracle,LSTM,8.7105,5.9079,0.6041,0.0684,36.0118,-28.2825,0.4375,0.58,0.2727,48,7.3835,10.3526,0.1604
1,HMF,op,LR,8.4207,5.5173,0.63,0.0994,39.1379,-31.8951,0.3333,0.5,0.25,48,6.9742,10.1823,
1,HMF,op,RF,9.3007,5.7276,0.5487,0.0053,53.3668,-49.8906,0.0,,0.0,48,7.2224,11.8685,
1,HMF,op,XGB,9.1315,5.6998,0.5649,0.0234,51.3927,-47.9125,0.0,,0.0,48,7.2482,11.4594,
1,HMF,op,LSTM,8.5445,5.7699,0.6191,0.0861,38.3376,-31.0779,0.375,0.5135,0.2687,48,7.3174,10.1198,0.0537
1,HMF,oracle,LR,8.4239,5.5354,0.6298,0.099,39.1252,-31.9609,0.3333,0.5,0.25,48,6.9915,10.1754,
1,HMF,oracle,RF,9.3047,5.7296,0.5483,0.0048,53.4033,-49.8903,0.0,,0.0,48,7.2191,11.8703,
1,HMF,oracle,XGB,9.1463,5.7074,0.5635,0.0218,51.5251,-47.8975,0.0,,0.0,48,7.2646,11.4577,
1,HMF,oracle,LSTM,8.5929,5.8063,0.6148,0.081,38.1881,-31.4976,0.3542,0.575,0.2394,48,7.3196,10.2216,0.0803
1,-,-,Persistence,9.3499,6.0144,0.5439,0.0,35.8338,-21.5208,0.4167,0.5833,0.2632,48,,,
3,H,op,LR,11.5299,7.8253,0.3037,0.1393,53.2709,-50.2972,0.0208,0.95,0.0149,48,9.4965,13.8159,
3,H,op,RF,12.0948,8.1367,0.2337,0.0971,51.3509,-48.3575,0.0625,0.9375,0.0323,48,10.0939,14.3562,
3,H,op,XGB,11.7743,7.7941,0.2738,0.121,58.5546,-55.9788,0.0,1.0,0.0,48,9.502,14.4653,
3,H,op,LSTM,11.9083,8.1537,0.2572,0.111,49.9474,-45.6496,0.1667,0.8261,0.093,48,9.778,14.3157,0.183
3,M,op,LR,15.0241,10.1967,-0.1824,-0.1215,71.6988,-68.3082,0.0,,0.0,48,12.2673,18.2661,
3,M,op,RF,15.0206,10.3516,-0.1818,-0.1213,68.5004,-65.0288,0.0,1.0,0.0,48,12.5564,18.0303,
3,M,op,XGB,14.2222,9.3438,-0.0595,-0.0617,71.544,-68.4928,0.0,,0.0,48,11.3723,17.7535,
3,M,op,LSTM,15.2021,10.3044,-0.2105,-0.1348,72.5271,-69.2236,0.0,,0.0,48,12.3913,18.5722,0.7356
3,M,oracle,LR,14.967,10.1361,-0.1734,-0.1173,71.5462,-68.1693,0.0,,0.0,48,12.22,18.1867,
3,M,oracle,RF,14.7501,10.06,-0.1396,-0.1011,69.0813,-65.5203,0.0,1.0,0.0,48,12.2362,17.7329,
3,M,oracle,XGB,14.3339,9.4961,-0.0762,-0.07,70.9719,-67.7501,0.0,,0.0,48,11.5753,17.7307,
3,M,oracle,LSTM,15.7024,10.7296,-0.2915,-0.1722,74.2726,-70.9174,0.0,,0.0,48,12.7453,19.1961,0.2721
3,HM,op,LR,11.4286,7.8394,0.3158,0.1469,53.8323,-50.9239,0.0208,0.9286,0.0164,48,9.5327,13.6803,
3,HM,op,RF,11.7138,7.9972,0.2813,0.1256,49.5927,-46.524,0.125,0.8868,0.0632,48,9.9319,13.8549,
3,HM,op,XGB,11.722,7.7595,0.2803,0.125,58.2969,-55.651,0.0,1.0,0.0,48,9.4656,14.3854,
3,HM,op,LSTM,12.4916,8.6875,0.1826,0.0675,52.0097,-46.3244,0.1667,0.8298,0.092,48,10.3194,15.104,0.2028
3,HM,oracle,LR,11.3785,7.7855,0.3218,0.1506,53.6406,-50.7177,0.0208,0.9375,0.0159,48,9.4744,13.6126,
3,HM,oracle,RF,11.7058,7.9728,0.2822,0.1262,49.8813,-46.1603,0.125,0.8909,0.0619,48,9.8793,13.8501,
3,HM,oracle,XGB,11.6442,7.798,0.2898,0.1308,55.3048,-52.4224,0.0417,0.8824,0.0317,48,9.5261,14.1792,
3,HM,oracle,LSTM,12.1365,8.4076,0.2285,0.094,48.8746,-42.441,0.2292,0.7885,0.1236,48,10.1023,14.4545,0.2257
3,HMF,op,LR,11.4018,7.9486,0.319,0.1489,52.8803,-49.7856,0.0208,0.9231,0.0167,48,9.6252,13.58,
3,HMF,op,RF,11.7048,7.7421,0.2824,0.1262,60.4032,-56.9133,0.0,,0.0,48,9.5138,14.4195,
3,HMF,op,XGB,12.0971,7.9479,0.2335,0.0969,63.0534,-59.6826,0.0,,0.0,48,9.7994,14.9658,
3,HMF,op,LSTM,11.8508,8.3303,0.2644,0.1153,48.5856,-41.9335,0.2083,0.7297,0.1333,48,10.1058,14.0133,0.3726
3,HMF,oracle,LR,11.3594,7.8983,0.3241,0.152,52.7991,-49.7138,0.0208,0.9286,0.0164,48,9.6082,13.5208,
3,HMF,oracle,RF,11.5393,7.6779,0.3025,0.1386,58.7545,-55.3973,0.0,,0.0,48,9.4651,14.0779,
3,HMF,oracle,XGB,12.1689,8.0053,0.2243,0.0916,63.4297,-60.0663,0.0,,0.0,48,9.8203,15.0775,
3,HMF,oracle,LSTM,11.7715,8.07,0.2742,0.1213,51.1563,-44.2898,0.1875,0.7568,0.1184,48,9.9217,14.093,0.1454
3,-,-,Persistence,13.3958,9.0999,0.06,0.0,43.9265,-39.75,0.1458,0.8542,0.0787,48,,,
